{
  "n_phases": 10,
  "n_mixtures": 150,
  "alpha": 0.4,
  "pca_components_for_99pct": 8,
  "pca_explained_variance_ratio": [
    0.34348,
    0.20922,
    0.14608,
    0.093,
    0.08172,
    0.04917,
    0.04251,
    0.03211,
    0.0027,
    0.0,
    0.0,
    0.0,
    0.0
  ],
  "nmf_component_corr": {
    "Fe_mp-13": 0.8302,
    "CaF2_mp-2741": 0.9823,
    "CsCl_mp-22865": 0.9939,
    "MgO_mp-1265": 0.9979,
    "Al_mp-134": 0.9695,
    "NaCl_mp-22862": 0.9682,
    "Cu_mp-30": 0.9749,
    "Si_mp-149": 0.2013,
    "Ni_mp-23": 0.924,
    "ZnS_mp-554820": 0.9627
  },
  "nmf_coefficient_corr": {
    "Al_mp-134": 0.9972,
    "CaF2_mp-2741": 0.9459,
    "CsCl_mp-22865": 0.9961,
    "Cu_mp-30": 0.9999,
    "Fe_mp-13": 0.8006,
    "MgO_mp-1265": 0.9997,
    "NaCl_mp-22862": 0.9974,
    "Ni_mp-23": 0.9996,
    "Si_mp-149": -0.1304,
    "ZnS_mp-554820": 0.77
  }
}